"","p_val","avg_log2FC","pct.1","pct.2","p_val_adj"
"MT2A",3.23798246410724e-60,-1.3807455629524,0.998,0.99,1.18513396168789e-55
"APOB",3.0308445367221e-35,2.07090633014788,0.754,0.394,1.10931940888566e-30
"FTH1",8.12750533722598e-31,-0.817456189955383,0.998,1,2.97474822847808e-26
"LGALS1",5.35298606540181e-30,-0.984191757265257,0.793,0.958,1.95924642979772e-25
"MT1E",5.46229584530896e-30,-1.20570259056884,0.577,0.856,1.99925490234153e-25
"FOS",2.21032569208358e-27,-3.08226676252018,0.026,0.295,8.0900130655951e-23
"MT1G",7.55940965825342e-26,-1.81896742289697,0.299,0.663,2.76681952901733e-21
"CRIP1",2.24635481413583e-25,-3.90580849377843,0.021,0.269,8.22188325521856e-21
"TXN",3.6322943019341e-24,-0.898818692781422,0.62,0.897,1.3294560374509e-19
"MALAT1",3.80558505280743e-24,-0.647685967190111,0.989,0.997,1.39288218517805e-19
"TMSB4X",6.71793822457066e-24,-0.949334180346264,0.927,0.946,2.45883256957511e-19
"PRSS3",3.75718470520693e-23,-4.19676335502466,0.028,0.263,1.37516717395279e-18
"TNFRSF12A",7.90102645239469e-23,-1.76322675617307,0.141,0.462,2.89185469184098e-18
"AKR1C3",9.44632730239532e-23,-1.6285267596522,0.209,0.548,3.45745025594971e-18
"AKR1C2",1.33953375613994e-22,-1.99830271531632,0.382,0.667,4.90282750084779e-18
"HMGA1",3.44246030704342e-22,-2.1281926401985,0.122,0.42,1.25997489698096e-17
"UQCR10",4.09844118160632e-22,-1.32121006205866,0.222,0.574,1.50007045687973e-17
"SLC25A5",6.62578715740016e-22,-1.5287903326013,0.222,0.558,2.42510435748003e-17
"FTL",1.6374584910778e-21,-0.839381283199292,1,0.997,5.99326182319384e-17
"S100A13",1.96545648564873e-21,-1.35689806655135,0.184,0.522,7.1937672831229e-17
"MGP",3.28074877295678e-21,-1.50978642690477,0.203,0.548,1.20078685838991e-16
"S100A16",4.54932019600889e-21,-1.4182547953952,0.306,0.628,1.66509668494122e-16
"RPS27L",5.2648512493605e-21,-1.07972867839554,0.476,0.75,1.92698820577844e-16
"S100A10",1.12971924200187e-20,-0.818746118669606,0.688,0.888,4.13488539765104e-16
"PTGR1",1.26830355415086e-20,-1.31438350448497,0.444,0.753,4.64211783854758e-16
"HPD",1.89352037115991e-20,-1.93472978088427,0.145,0.439,6.93047391048239e-16
"BLVRB",1.95909091742976e-20,-1.61804396140107,0.152,0.465,7.17046866688468e-16
"RPS15A",3.19002696870415e-20,-0.648731449706099,0.624,0.929,1.16758177081541e-15
"VDAC2",3.30391823668748e-20,-1.24191487261282,0.239,0.58,1.20926711380998e-15
"RBP4",6.66765797304481e-20,-1.39190596785822,0.244,0.561,2.44042949471413e-15
"APOC3",6.95767655772676e-20,-1.5462897026016,0.203,0.532,2.54657919689357e-15
"VIM",1.56336964012538e-19,-1.12422947187587,0.716,0.888,5.72208921982291e-15
"IGFBP6",2.9230235074194e-19,-1.64381505766077,0.096,0.372,1.06985583395057e-14
"DRAP1",5.79800625727028e-19,-1.47530525271979,0.15,0.439,2.12212827022349e-14
"AKR1C1",9.95648817390359e-19,-1.31412765289189,0.483,0.737,3.64417423653045e-14
"MT1M",1.0462109145244e-18,-1.7593875010677,0.167,0.458,3.82923656825076e-14
"ATP5MF",1.06680954314044e-18,-1.07543708978093,0.291,0.628,3.90462960884833e-14
"GSTO1",1.67678474037855e-18,-1.04525284411412,0.338,0.654,6.13719982825954e-14
"NME2",1.77205816797198e-18,-0.784888626850476,0.615,0.853,6.48591010059424e-14
"PRDX2",3.09976831404183e-18,-1.13158081171788,0.19,0.497,1.13454620062245e-13
"RPL10",5.2641157187108e-18,-0.578845345585492,0.782,0.946,1.92671899420534e-13
"ATF3",5.39748855122721e-18,-1.91330137875119,0.047,0.269,1.97553478463467e-13
"COX5A",6.23393036891499e-18,-1.23895786874934,0.229,0.538,2.28168085432658e-13
"RPS28",1.13563081893038e-17,-0.582744579848563,0.833,0.958,4.15652236036708e-13
"RPL30",1.88387151413075e-17,-0.679979671909582,0.684,0.91,6.89515812886995e-13
"RPL41",1.98536150543578e-17,-0.558726794500442,0.87,0.978,7.26662164604549e-13
"CP",2.05040147931841e-17,1.80054517820034,0.532,0.256,7.50467445445331e-13
"RPL12",3.0803013266943e-17,-0.64314666033208,0.765,0.939,1.12742108858338e-12
"ID3",4.05042617316861e-17,-1.73643219526756,0.083,0.327,1.48249648364144e-12
"RPL26",5.24256442418261e-17,-0.587475509056732,0.748,0.933,1.91883100489508e-12
"MRPL13",7.46435482842556e-17,-1.46518043170771,0.077,0.314,2.73202851075204e-12
"SRP14",7.62333574499679e-17,-0.79095198090009,0.444,0.76,2.79021711602627e-12
"RPL29",9.51726364635959e-17,-0.686240493123218,0.673,0.888,3.48341366720408e-12
"TP53I3",9.83893724050834e-17,-1.44819013741667,0.083,0.324,3.60114941939846e-12
"NDUFB3",1.02161620199419e-16,-1.10545898727617,0.145,0.426,3.73921746091892e-12
"TMEM158",1.70240165829669e-16,-3.37151144337428,0.015,0.179,6.23096030953172e-12
"C19orf53",1.78294988618656e-16,-1.18827949804312,0.158,0.449,6.52577487843145e-12
"HINT1",1.99699444647685e-16,-0.88730210142193,0.425,0.715,7.30919937354992e-12
"RPS10",2.06203369803634e-16,-0.954429855209765,0.397,0.696,7.54724953818279e-12
"RPS23",3.07176609640415e-16,-0.541178905860382,0.786,0.955,1.12429710894488e-11
"COX7A2",4.52334664595222e-16,-0.987989997125367,0.353,0.667,1.65559010588497e-11
"FGA",4.83885079639085e-16,1.1014711073083,0.746,0.535,1.77106777998701e-11
"ATP5F1D",5.46444468963405e-16,-1.03176433997393,0.314,0.622,2.00004140085296e-11
"RPS27A",5.84235967223574e-16,-0.512705026493268,0.863,0.968,2.138362063635e-11
"EIF1",7.33324517981482e-16,-0.721918204390549,0.671,0.881,2.68404106826402e-11
"SRI",9.91916876046578e-16,-1.75388813769414,0.105,0.343,3.63051495801808e-11
"MT1H",1.23077636535597e-15,-2.36153609947194,0.056,0.26,4.50476457483938e-11
"COX8A",1.23284622891778e-15,-1.08211434422597,0.284,0.583,4.51234048246196e-11
"GADD45GIP1",1.27360201942489e-15,-1.35909018392262,0.165,0.429,4.66151075129705e-11
"SKP1",1.32441867550507e-15,-1.04818650686493,0.346,0.641,4.84750479421609e-11
"S100A11",1.66359536646534e-15,-0.546429218628678,0.697,0.881,6.08892540079979e-11
"FAU",1.9351098622667e-15,-0.717995035391416,0.59,0.814,7.08269560688234e-11
"CYB5A",2.33286110653614e-15,-1.26591067973721,0.229,0.503,8.53850493603294e-11
"SMDT1",2.57061030046445e-15,-1.71057598158789,0.062,0.269,9.40869076072994e-11
"RPS7",3.20061925016408e-15,-0.613613768218883,0.718,0.904,1.17145865175255e-10
"SDS",3.48225199002323e-15,-2.70276527362567,0.024,0.189,1.2745390508684e-10
"BTF3",3.52349642585675e-15,-0.917754692175943,0.34,0.651,1.28963492682783e-10
"S100A6",3.98664220981976e-15,-1.13165278251207,0.87,0.913,1.45915091521613e-10
"RPS18",4.29237894184309e-15,-0.396136257563014,0.859,0.974,1.57105361650399e-10
"RALA",4.694166245446e-15,-1.6545052234709,0.19,0.436,1.71811178749569e-10
"ALDH1A3",4.76156230184338e-15,-2.50726461637735,0.038,0.218,1.74277941809769e-10
"ADIRF",6.01661213766875e-15,-1.46106214287717,0.036,0.218,2.20214020850814e-10
"GSTA1",7.45315346818392e-15,-1.77976228706608,0.094,0.317,2.72792870089e-10
"LXN",9.61221453189538e-15,-2.78442963329678,0.032,0.202,3.51816664081903e-10
"RPL27",1.19181737565954e-14,-0.508661849203669,0.632,0.885,4.36217077665147e-10
"DCTN3",1.27137292067408e-14,-1.22798626819396,0.092,0.317,4.65335202695919e-10
"COX6C",1.32024582807331e-14,-0.911469225383984,0.346,0.651,4.83223175533111e-10
"IGFBP2",1.38983959574823e-14,-1.6487917474382,0.19,0.426,5.08695190439809e-10
"GAPDH",1.722781339319e-14,-0.484420763563739,0.827,0.955,6.30555198004145e-10
"AK1",1.99531279623483e-14,-1.27627270924918,0.092,0.314,7.30304436549912e-10
"NDUFB4",2.34128460577779e-14,-0.981113417460529,0.226,0.503,8.56933578560728e-10
"FOSB",2.72691540208034e-14,-4.08397362246627,0.004,0.131,9.98078306315425e-10
"NBL1",2.89344533707043e-14,-1.55060414301419,0.038,0.215,1.05902992782115e-09
"NDUFA7",2.97315344865748e-14,-1.19261527218975,0.107,0.34,1.08820389374313e-09
"ITGB1",3.03534057614387e-14,1.05473515942296,0.733,0.542,1.11096500427442e-09
"ECHS1",3.09755561096241e-14,-1.0423402334163,0.147,0.407,1.13373632916835e-09
"REXO2",3.2518656215247e-14,-0.916655449622715,0.179,0.449,1.19021533613425e-09
"MRPL36",3.41989032114334e-14,-1.7679192285863,0.077,0.279,1.25171405644167e-09
"UQCRQ",3.59413270757791e-14,-0.839412965597899,0.442,0.715,1.31548851230059e-09
"RPL32",3.74983603226748e-14,-0.484445921341443,0.799,0.952,1.37247748617022e-09
"SF3B5",4.0430298952256e-14,-1.22393627199512,0.135,0.375,1.47978937195152e-09
"ID4",4.27993675228778e-14,-2.80541083318256,0.013,0.154,1.56649965070485e-09
"RAC2",4.48989497405917e-14,-2.0274143052177,0.043,0.218,1.6433464594554e-09
"CHCHD10",4.82744442644871e-14,-1.06763951416159,0.214,0.484,1.76689293452449e-09
"OCIAD2",5.22862885480663e-14,-1.16046620797428,0.222,0.494,1.91373044714777e-09
"RPL14",5.51067980562395e-14,-0.559285473732947,0.709,0.894,2.01696391565642e-09
"DNPH1",5.8704231229814e-14,-1.38463150982097,0.111,0.337,2.14863356724242e-09
"C1QBP",6.86189665743256e-14,-1.03487779618329,0.158,0.417,2.51152279558689e-09
"COX7B",7.74194483150953e-14,-0.866103489866343,0.301,0.59,2.8336292277808e-09
"SVIP",9.35950752680188e-14,-1.51711568099216,0.066,0.263,3.42567334988476e-09
"ATP5F1C",1.00158720492127e-13,-1.00905532481009,0.182,0.442,3.66590932873235e-09
"NDUFAB1",1.34723730017758e-13,-1.019138993494,0.15,0.401,4.93102324237997e-09
"RGS4",1.39345533527353e-13,-2.16538485923741,0.021,0.17,5.10018587263465e-09
"MRPS24",1.4827574333168e-13,-1.2581567635251,0.135,0.369,5.42704048168282e-09
"RPS12",1.51828904000888e-13,-0.344851193563652,0.848,0.987,5.5570897153365e-09
"SH3BGRL3",1.53921755002135e-13,-0.874773134112012,0.451,0.689,5.63369015483316e-09
"ATP5MG",1.56657329405874e-13,-0.856551757928991,0.357,0.647,5.73381491358438e-09
"MRPS34",1.64748469778531e-13,-1.24954553391437,0.122,0.353,6.029958742364e-09
"ATP5MD",1.74710111721399e-13,-0.80021429959811,0.434,0.699,6.39456479911491e-09
"HEBP2",1.89342623390891e-13,-1.04069906785421,0.139,0.378,6.93012935872999e-09
"NACA",1.98086057238285e-13,-0.58055870249231,0.596,0.84,7.25014778097848e-09
"ID1",1.99655865165801e-13,-1.71583706065877,0.041,0.212,7.30760432093349e-09
"NDUFA12",2.07989588480601e-13,-0.970101279012913,0.113,0.34,7.61262692797849e-09
"COPS5",2.09121063074218e-13,-1.81721007124421,0.047,0.221,7.65404002957944e-09
"RPL15",2.35888160969972e-13,-0.511780700728374,0.735,0.926,8.63374257966194e-09
"COX14",2.51827781168931e-13,-1.11271369271461,0.1,0.317,9.21714861856405e-09
"NIT2",2.52899474097332e-13,-1.35999181894534,0.062,0.25,9.25637365143646e-09
"APRT",2.67698296585161e-13,-0.918344003945465,0.246,0.535,9.79802535331349e-09
"RPS15",2.80899247128703e-13,-0.525407605701968,0.692,0.913,1.02811933441576e-08
"RBIS",2.85488896606216e-13,-1.12513762697668,0.128,0.359,1.04491791046841e-08
"ELOB",3.32905146483173e-13,-0.718434245709483,0.385,0.686,1.21846612664306e-08
"RPL11",3.80016986931269e-13,-0.455211604672246,0.78,0.949,1.39090017386714e-08
"GLRX2",3.80787900648017e-13,-1.80004227959614,0.049,0.221,1.39372179516181e-08
"PSMA5",4.07799850379115e-13,-1.0878254611376,0.145,0.381,1.4925882323726e-08
"IGFBP4",4.76614697840216e-13,-1.27011145489564,0.233,0.468,1.74445745556498e-08
"RPS19",4.78816819147397e-13,-0.389234363700906,0.878,0.971,1.75251743976139e-08
"MRPL15",5.18364089958952e-13,-1.70780001140917,0.073,0.26,1.89726440565876e-08
"SUMO2",5.54004183956746e-13,-0.857681156080645,0.261,0.522,2.02771071370009e-08
"TIMM10",5.59113108384592e-13,-1.57678970312536,0.049,0.221,2.04640988799845e-08
"CIB1",5.94384232058338e-13,-1.06922865323287,0.19,0.436,2.17550572775672e-08
"NDUFB2",6.75278377629081e-13,-0.865837392369234,0.308,0.583,2.4715863899602e-08
"ANXA1",7.59208664307633e-13,-0.928427400525959,0.265,0.532,2.77877963223237e-08
"DYNLT1",7.78861531725623e-13,-0.92452047581148,0.199,0.458,2.85071109226895e-08
"RPL36",7.95700624504353e-13,-0.446433365548694,0.707,0.907,2.91234385574838e-08
"KRT10",8.69304317210868e-13,-1.28822632948826,0.122,0.34,3.1817407314235e-08
"MT1X",9.39305777388108e-13,-0.758694125964779,0.453,0.705,3.43795307581821e-08
"MICOS10",1.12496955116182e-12,-0.950031360738686,0.259,0.532,4.11750105420738e-08
"RPS13",1.24079798431249e-12,-0.50730902656757,0.716,0.891,4.54144470238214e-08
"ATP5MC3",1.33498743476893e-12,-0.886024178028669,0.321,0.596,4.88618750999777e-08
"DHRS3",1.47076048501534e-12,-1.86025658250897,0.038,0.196,5.38313045120464e-08
"GSTK1",1.54561596949568e-12,-1.44125941931907,0.083,0.279,5.65710900995114e-08
"RPA3",1.67493515894095e-12,-1.65632789635952,0.043,0.205,6.13043017523976e-08
"HHIP-AS1",1.72963065038649e-12,-4.79448617726334,0.004,0.115,6.3306211434796e-08
"NME1",1.92822458431738e-12,-0.849493623020998,0.192,0.449,7.05749480106005e-08
"COX5B",2.24922087968425e-12,-0.829700310560304,0.31,0.577,8.23237334173232e-08
"EEF1B2",2.55027483555596e-12,-0.511989781114619,0.545,0.801,9.33426092561836e-08
"SSBP1",2.69597541848503e-12,-1.00107713085367,0.199,0.446,9.86753962919705e-08
"IFI27L2",2.94406456423477e-12,-0.78244719373513,0.103,0.317,1.07755707115557e-07
"RPS27",3.14061336805401e-12,-0.403515131716934,0.744,0.933,1.14949589884145e-07
"CAV2",3.26895445212666e-12,-1.11894852859761,0.141,0.369,1.19647001902288e-07
"PHPT1",3.45244025198652e-12,-0.83545618237013,0.235,0.5,1.26362765662959e-07
"SELENOH",3.49534639632251e-12,-1.00099371937384,0.169,0.407,1.279331734518e-07
"MRPS12",3.75393569366585e-12,-1.51150565269095,0.088,0.279,1.37397800323864e-07
"RPL7A",4.15998856909798e-12,-0.460590314059227,0.776,0.913,1.52259741617555e-07
"CIRBP",5.72282121116905e-12,-1.07401754596842,0.083,0.272,2.09460979149998e-07
"RPL19",5.77606425420086e-12,-0.457752615329055,0.744,0.933,2.11409727768006e-07
"EIF5A",5.79715917062931e-12,-0.860492370676534,0.316,0.583,2.12181822804203e-07
"LDHA",5.99272581145192e-12,-0.687289229422279,0.412,0.676,2.19339757424952e-07
"NDUFB11",6.38861436416257e-12,-0.906602279933916,0.192,0.439,2.33829674342714e-07
"NDUFB10",6.96191899024228e-12,-0.787964242889837,0.205,0.452,2.54813196961858e-07
"POLR2L",7.21890327476665e-12,-0.685644383394574,0.408,0.673,2.64219078759734e-07
"PSMA2",7.2542908999627e-12,-0.852043359820322,0.194,0.439,2.65514301229535e-07
"APOC1",8.34179161584275e-12,-0.914550961098325,0.312,0.571,3.0531791493146e-07
"UBB",8.79006882890917e-12,-0.724665630428998,0.335,0.606,3.21725309206905e-07
"TMA7",8.88811700129417e-12,-0.717785331191381,0.363,0.647,3.25313970364368e-07
"METRN",9.31061836267182e-12,-0.9740203658339,0.096,0.295,3.40777942692151e-07
"H3F3B",9.52150932811163e-12,-0.692665504567747,0.335,0.609,3.48496762918214e-07
"SPTBN1",9.66520761066757e-12,1.39148410631325,0.509,0.308,3.53756263758044e-07
"RPL28",1.05038924664139e-11,-0.395545807076522,0.808,0.965,3.84452968163217e-07
"MDH2",1.05401970501965e-11,-0.925435544550682,0.188,0.423,3.85781752234242e-07
"RHOD",1.06515693721027e-11,-1.47213554634351,0.1,0.295,3.89858090588331e-07
"MSRB2",1.12637514158734e-11,-1.10899621315441,0.085,0.276,4.12264565572381e-07
"RPS3",1.28224899107747e-11,-0.414347388572812,0.677,0.901,4.69315953224264e-07
"MRPL57",1.28395127652398e-11,-1.15894687444628,0.096,0.288,4.69939006720542e-07
"CMC1",1.28574595428727e-11,-1.46519542652317,0.053,0.218,4.70595876728684e-07
"ITPA",1.29830505517725e-11,-1.16264348507532,0.058,0.224,4.75192633245426e-07
"BTF3L4",1.31636930241626e-11,-1.91834250442706,0.049,0.205,4.81804328377374e-07
"DIRAS3",1.43159317977571e-11,-4.20307984518948,0.009,0.119,5.23977419729707e-07
"PNRC1",1.45665992108712e-11,-0.978952754775097,0.186,0.423,5.33152097717096e-07
"H3F3A",1.48906946541598e-11,-0.635841198581385,0.402,0.683,5.45014315036904e-07
"GAMT",1.52204878371161e-11,-1.11586226453302,0.081,0.266,5.57085075326285e-07
"SELENOW",1.72242409418239e-11,-0.650003989793189,0.233,0.5,6.30424442711695e-07
"CCDC90B",1.75527968166715e-11,-1.21040331836,0.083,0.269,6.42449916286993e-07
"RPL24",1.77511228836166e-11,-0.495961987533146,0.684,0.869,6.4970884866325e-07
"PYCARD",1.82985556500667e-11,-1.06294947824553,0.062,0.234,6.69745435348092e-07
"RHEB",1.88325078300214e-11,-0.758741271860029,0.135,0.353,6.89288619086614e-07
"UQCR11",1.95622138469075e-11,-0.653530387685561,0.378,0.657,7.15996589010662e-07
"PSMA3",1.9799406498335e-11,-0.82873869430958,0.137,0.356,7.2467807724556e-07
"RPL35A",2.33196773285966e-11,-0.469549026332486,0.731,0.891,8.53523509903964e-07
"GNG5",2.53709529381779e-11,-0.717420022274233,0.284,0.554,9.2860224849025e-07
"MYDGF",2.6325084511013e-11,-1.02468882323042,0.209,0.433,9.63524418187585e-07
"LRRC75A",2.86416690781794e-11,-1.34502125775582,0.066,0.237,1.04831372993045e-06
"DDT",3.00587980119967e-11,-0.848601193026044,0.254,0.51,1.10018206603709e-06
"CITED2",3.03054170130355e-11,-1.5382189763316,0.041,0.189,1.10920856809411e-06
"MRPS21",3.15464448062488e-11,-0.752247638745234,0.199,0.442,1.15463142635351e-06
"GPX4",3.19332108568796e-11,-0.739777955604972,0.417,0.686,1.16878745057265e-06
"NDUFS4",3.21467623040263e-11,-1.12445994314852,0.111,0.311,1.17660364708967e-06
"NDUFB1",3.84932495063628e-11,-0.697854585997653,0.199,0.436,1.40889142518239e-06
"TMEM256",3.85064451656815e-11,-1.01995803878833,0.124,0.327,1.40937439950911e-06
"ISCU",3.86917968387158e-11,-0.76072712383192,0.115,0.324,1.41615845609384e-06
"SIGIRR",3.96955563324871e-11,-1.248567478753,0.064,0.231,1.45289705732536e-06
"CST3",4.0045449605328e-11,-0.773302559492469,0.312,0.567,1.46570350100461e-06
"SNRNP25",4.40290476931018e-11,-2.02442965170394,0.034,0.173,1.61150717461522e-06
"DBI",4.42582544939116e-11,-0.734307596708993,0.38,0.654,1.61989637273166e-06
"MXD4",4.44939591610837e-11,-1.03957356192816,0.105,0.298,1.62852339925482e-06
"NDUFA1",4.66855843560789e-11,-0.719182274656541,0.271,0.535,1.70873907301685e-06
"UBL5",4.80149835696194e-11,-0.583120852184133,0.318,0.615,1.75739641363164e-06
"RPS2",4.89836968777219e-11,-0.373633907198184,0.868,0.974,1.7928522894215e-06
"PRDX6",5.06069146345357e-11,-0.5912668818095,0.333,0.612,1.85226368253864e-06
"RPS21",5.077026673769e-11,-0.435873522069398,0.752,0.901,1.85824253286619e-06
"PSMB6",5.08292966690862e-11,-0.677949433120749,0.188,0.429,1.86040308738522e-06
"FXYD5",5.75314965037623e-11,-1.28126904419008,0.081,0.256,2.10571030353421e-06
"MZT2A",5.91578573618456e-11,-1.14126049989689,0.12,0.321,2.16523673730091e-06
"YWHAE",6.13660712235159e-11,-0.8000039852413,0.31,0.554,2.24605957285191e-06
"PGLS",6.19446959871059e-11,-0.767168848297831,0.156,0.378,2.26723781782406e-06
"SYF2",6.20407902443868e-11,-1.16596614792095,0.111,0.311,2.2707549637348e-06
"POLR2K",6.5244385767816e-11,-1.09831214858056,0.077,0.25,2.38800976348783e-06
"TCEAL8",6.63275531067011e-11,-0.909920244781497,0.066,0.234,2.42765477125837e-06
"PARK7",7.13436555692971e-11,-0.784590254045804,0.318,0.571,2.61124913749184e-06
"SELENOK",7.37025961295831e-11,-1.13982590077052,0.094,0.279,2.69758872093887e-06
"RPL8",7.72803099732439e-11,-0.441556842455301,0.763,0.913,2.8285366253307e-06
"THOC7",7.97332306096779e-11,-0.939960269511541,0.141,0.353,2.91831597354482e-06
"TMEM208",8.19708035726289e-11,-1.05619188418676,0.092,0.276,3.00021338156179e-06
"SLIRP",8.3715561584799e-11,-0.840819194269367,0.235,0.478,3.06407326956523e-06
"ENO3",8.97502921568276e-11,-3.56115735508656,0.006,0.106,3.28495044323205e-06
"UBA52",9.01120467024775e-11,-0.469039577945946,0.652,0.875,3.29819102135738e-06
"ADRM1",9.68830922644229e-11,-0.85381398139677,0.098,0.285,3.54601805997014e-06
"RAB34",9.71060020827379e-11,-1.4803424210139,0.047,0.196,3.55417678223029e-06
"NDUFS5",1.01134959731467e-10,-0.598472108470151,0.429,0.673,3.70164066113143e-06
"RPL22L1",1.05689341550899e-10,-0.870068333173623,0.252,0.481,3.86833559010447e-06
"ALB",1.06425446161087e-10,0.608205196672848,0.964,0.881,3.89527775494193e-06
"NINJ1",1.09801664517768e-10,-1.60581495654802,0.056,0.208,4.01885072301483e-06
"SCAND1",1.11486323585795e-10,-1.04352495271454,0.111,0.304,4.08051092956368e-06
"CLIC1",1.11804021893334e-10,-0.7845604679634,0.38,0.622,4.09213900531791e-06
"PTRHD1",1.12520143803785e-10,-1.25696192300284,0.075,0.244,4.11834978336234e-06
"RPS19BP1",1.13520077418056e-10,-1.163210488674,0.107,0.295,4.15494835357826e-06
"EIF3K",1.17683157165594e-10,-0.866952411120333,0.278,0.513,4.30732123541792e-06
"SGK1",1.20759556367329e-10,-1.89864461517366,0.036,0.173,4.41992052260061e-06
"NOP10",1.21860958526892e-10,-0.778729856727383,0.22,0.465,4.46023294304279e-06
"CLTB",1.24664705402799e-10,-0.991563999382511,0.162,0.372,4.56285288244786e-06
"CD99",1.25493245499155e-10,-0.699178381833955,0.241,0.49,4.59317827851457e-06
"SMIM26",1.26037220693024e-10,-1.38627591797296,0.085,0.256,4.61308831458536e-06
"TAF10",1.32328710977758e-10,-1.00049896608175,0.13,0.33,4.84336315049692e-06
"RPL18",1.35293000452337e-10,-0.451051602667722,0.658,0.856,4.951859109556e-06
"SNRPB2",1.37956488421839e-10,-0.901613348125946,0.12,0.317,5.04934543272773e-06
"CTSB",1.4213205847488e-10,1.35918862812066,0.528,0.349,5.20217547223907e-06
"NUPR1",1.444084505218e-10,-0.736298709312998,0.284,0.522,5.28549369754841e-06
"CRIP2",1.48510797437013e-10,-1.06820704287002,0.049,0.199,5.43564369699212e-06
"GLRX3",1.51180642655854e-10,-0.944460188802023,0.103,0.285,5.53336270184692e-06
"EIF1B",1.52345653876834e-10,-1.17727897863219,0.077,0.247,5.57600327754599e-06
"RPLP1",1.58308942689091e-10,-0.290774171587109,0.917,0.987,5.79426561136343e-06
"HPF1",1.66608979303029e-10,-1.77673409796924,0.032,0.163,6.09805525147018e-06
"ARL6IP4",1.69848595393589e-10,-0.658732294946716,0.224,0.471,6.21662844000077e-06
"HIST1H4C",1.7440638829383e-10,-1.0599080253239,0.103,0.288,6.38344821794247e-06
"NDUFS7",1.76383392010983e-10,-1.02218526826841,0.109,0.298,6.45580853099399e-06
"MRPL43",2.09910619119339e-10,-1.40516754271998,0.085,0.253,7.68293857038693e-06
"VPS28",2.11037222304182e-10,-1.11341693972242,0.126,0.317,7.72417337355537e-06
"MRPS15",2.15257519719706e-10,-1.15165998475966,0.13,0.327,7.87864047926097e-06
"PSMA6",2.17257862349912e-10,-0.991629446544551,0.199,0.42,7.95185501986913e-06
"CHURC1",2.20643569298982e-10,-0.790771088325576,0.132,0.34,8.07577527991206e-06
"ATP6V1G1",2.48166570906185e-10,-0.662563751672485,0.222,0.458,9.08314466173728e-06
"ANAPC16",2.54204027485824e-10,-0.988765796993255,0.132,0.33,9.30412161000866e-06
"MT1F",2.56743672485781e-10,-1.50327234955083,0.045,0.186,9.39707515665208e-06
"CACYBP",2.65589522529435e-10,-0.984768217483388,0.079,0.247,9.72084211409983e-06
"BAX",2.78073775420624e-10,-0.794440909861469,0.143,0.356,1.01777782541702e-05
"HSPE1",2.85764026675839e-10,-0.710554765698812,0.28,0.529,1.04592491403624e-05
"BLOC1S2",2.89875566254312e-10,-1.29105683677468,0.064,0.221,1.06097356004741e-05
"COPE",2.96569033751413e-10,-0.776920944710817,0.201,0.433,1.08547232043355e-05
"LENG1",3.01172446332894e-10,-3.19777139199772,0.011,0.112,1.10232127082303e-05
"LARP6",3.05507581432576e-10,-1.66237968318651,0.066,0.221,1.11818829880137e-05
"NDUFS8",3.14554460486818e-10,-0.777173803962886,0.139,0.346,1.1513007808278e-05
"NDUFC1",3.15873510425905e-10,-0.76527416166773,0.156,0.372,1.15612863550986e-05
"IL18",3.16179472146749e-10,-1.47021051684628,0.13,0.317,1.15724848600432e-05
"KRT7",3.2647590938839e-10,-0.701027274307929,0.436,0.663,1.19493447595245e-05
"MRPL27",3.31264422436882e-10,-0.788014730274203,0.098,0.279,1.21246091256123e-05
"CHCHD2",3.32781600121305e-10,-0.480459091151679,0.459,0.718,1.21801393460399e-05
"RACK1",3.34206718404904e-10,-0.489513518350129,0.671,0.865,1.22323001003379e-05
"RPL10A",3.59955215454824e-10,-0.479200145031924,0.66,0.843,1.3174720840862e-05
"KRT18",3.60596305212095e-10,-0.635160064690965,0.765,0.881,1.31981853670679e-05
"NDUFV2",3.61710496923721e-10,-0.777653560110499,0.282,0.51,1.32389658979051e-05
"ZSWIM7",3.80517576598736e-10,-1.32052456134295,0.032,0.16,1.39273238210903e-05
"CTSC",3.90771126433975e-10,-1.270100009606,0.12,0.304,1.43026139986099e-05
"RPL36AL",3.91463614656976e-10,-0.659878763483887,0.4,0.641,1.432795976006e-05
"URM1",3.94357906063108e-10,-1.74573011742954,0.045,0.183,1.44338937198158e-05
"RRAGA",4.05351941050324e-10,-1.29491031613817,0.064,0.218,1.48362863943829e-05
"MALL",4.16084919200411e-10,-1.71012975238635,0.034,0.163,1.52291241276542e-05
"STRAP",4.21371779577166e-10,-0.698930122586799,0.165,0.378,1.54226285043039e-05
"TIMM13",4.21592793311219e-10,-0.905339469219343,0.154,0.359,1.54307178279839e-05
"MRPL41",4.29930892958428e-10,-0.88187379268408,0.171,0.381,1.57359006131714e-05
"UXT",4.38122388495712e-10,-0.811698618236556,0.141,0.346,1.60357175413316e-05
"LRMDA",4.39026940731268e-10,-1.6467809627425,0.077,0.237,1.60688250577051e-05
"MRPS23",4.50041593029008e-10,-1.50758110981121,0.075,0.234,1.64719723464547e-05
"DANCR",4.65705042295446e-10,-1.31607040480929,0.047,0.189,1.70452702530556e-05
"PFDN2",4.66418008229386e-10,-0.896976444837852,0.143,0.346,1.70713655192037e-05
"SNU13",4.68256015007195e-10,-0.847839044009511,0.188,0.413,1.71386384052783e-05
"LAMTOR5",4.73190969726804e-10,-0.750198944683065,0.188,0.413,1.73192626829708e-05
"SNHG8",4.73584473943299e-10,-1.01937861670256,0.135,0.33,1.73336653307987e-05
"NPC2",4.91927313060701e-10,-0.844149851148923,0.177,0.397,1.80050315853347e-05
"DCXR",4.97360014479366e-10,-1.43409395687951,0.075,0.234,1.82038738899593e-05
"MRPS36",5.15970086974569e-10,-0.666089011067921,0.094,0.272,1.88850211533562e-05
"NDUFAF8",5.32930077177509e-10,-0.939345682641573,0.143,0.343,1.9505773754774e-05
"AKR1B10",5.59985719380522e-10,-1.51230230322236,0.1,0.269,2.04960373150465e-05
"DCBLD2",5.74754399723148e-10,-1.0790317307701,0.135,0.327,2.10365857842669e-05
"PDCD5",5.91449647903673e-10,-0.719114660134218,0.259,0.503,2.16476485629223e-05
"GALK1",5.9873394365357e-10,-1.63784403685908,0.049,0.189,2.19142610716643e-05
"RPS5",6.18878423265681e-10,-0.448740335636141,0.605,0.846,2.26515691699472e-05
"NBDY",6.26181267769934e-10,-0.949879170778578,0.083,0.25,2.29188605816474e-05
"SEC11C",6.33188456642206e-10,-1.09874684111233,0.12,0.304,2.31753307015614e-05
"SEM1",6.67279433970915e-10,-0.612778559077128,0.259,0.5,2.44230945627695e-05
"COX6B1",6.79765045673757e-10,-0.618707146409956,0.387,0.654,2.48800804367052e-05
"LBP",7.12158152125288e-10,1.59290327050752,0.406,0.215,2.60657005259377e-05
"CUTA",7.22778556264591e-10,-0.72905872848565,0.165,0.381,2.64544179378403e-05
"DECR1",7.59754617835108e-10,-1.46321687185695,0.107,0.282,2.78077787673828e-05
"STMP1",7.67817452105804e-10,-0.597130160861547,0.143,0.343,2.81028865645245e-05
"RAB27B",8.05325116460854e-10,-1.53020473490414,0.038,0.17,2.94757045875837e-05
"LSM3",9.02937107958619e-10,-0.990210957427994,0.122,0.308,3.30484010883934e-05
"MRPS7",9.04120528973538e-10,-1.12372843098636,0.092,0.26,3.30917154809604e-05
"COMMD4",9.21905638761541e-10,-0.975368931394122,0.06,0.208,3.37426682843112e-05
"SNX3",9.28528900325035e-10,-0.912053711637805,0.25,0.474,3.39850862807966e-05
"RBP5",9.46826642540449e-10,-2.20330927972247,0.015,0.119,3.4654801943623e-05
"POLR2J",9.48798964511461e-10,-1.15343101520605,0.103,0.276,3.4726990900084e-05
"UBE2J2",9.59406120766377e-10,-1.65458187906568,0.043,0.176,3.51152234261702e-05
"PRELID1",9.69846163980037e-10,-0.71729678719942,0.288,0.542,3.54973394478333e-05
"ALDH2",9.77807446634375e-10,-1.16238698901841,0.118,0.298,3.57887303542648e-05
"PFDN4",9.879531415204e-10,-1.23595304036661,0.075,0.234,3.61600729327882e-05
"C20orf27",1.0270490845418e-09,-1.32950656258838,0.024,0.138,3.75910235433145e-05
"DTD1",1.06311333821786e-09,-1.34772642147056,0.053,0.196,3.89110112921119e-05
"PFN1",1.3526264017243e-09,-0.557979719141453,0.626,0.817,4.95074789295111e-05
"POMP",1.42111537988145e-09,-0.444613688497245,0.37,0.635,5.20142440190408e-05
"SYAP1",1.46212493968339e-09,-0.77719357613354,0.122,0.304,5.35152349173517e-05
"APOA1",1.55364087981778e-09,-1.01466713143915,0.103,0.279,5.68648098422107e-05
"TPGS1",1.61936822655618e-09,-1.30212961191611,0.056,0.196,5.92704964601828e-05
"RNH1",1.62528532169696e-09,-0.722085145293909,0.173,0.375,5.94870680594306e-05
"NDUFA4",1.70495303083861e-09,-0.543513296713299,0.455,0.721,6.24029858817241e-05
"NDUFS6",1.75101137014361e-09,-0.691371519313298,0.222,0.452,6.40887671586264e-05
"PRDX1",1.84521820604524e-09,-0.592420104300102,0.553,0.747,6.75368315594619e-05
"SNF8",1.86473981181017e-09,-0.856948481691742,0.122,0.308,6.82513418520641e-05
"COPS9",1.87954134939719e-09,-0.720268282070099,0.226,0.455,6.87930929292867e-05
"TWF2",1.92429063478881e-09,-1.32803057651628,0.06,0.205,7.04309615239052e-05
"RIDA",1.95945613849569e-09,-1.35698875952425,0.077,0.231,7.17180541250809e-05
"ATP5IF1",1.98238777374067e-09,-0.704488910513092,0.265,0.503,7.25573749066822e-05
"LACTB2",1.99867941420477e-09,-0.951365233181241,0.053,0.196,7.3153665239309e-05
"TOMM7",2.04848443044851e-09,-0.558187880738473,0.329,0.587,7.4976578638846e-05
"MRPS11",2.05310544767951e-09,-1.84197181840066,0.038,0.163,7.51457124905178e-05
"ARMC10",2.06022064534059e-09,-1.68186148484607,0.045,0.176,7.54061358401108e-05
"PDCD6",2.06241389519269e-09,-0.76860548087342,0.105,0.279,7.54864109779475e-05
"MRPL18",2.07947865266537e-09,-1.12014661065225,0.09,0.253,7.6110998166205e-05
"PSD3",2.1040043848697e-09,-1.18381532807436,0.1,0.269,7.7008664490616e-05
"GRHPR",2.12886612334213e-09,-0.650366674797149,0.115,0.298,7.79186289804454e-05
"RPS24",2.1335241436695e-09,-0.338767994664305,0.84,0.933,7.80891171824475e-05
"SNCG",2.15055035449212e-09,-1.0923295831052,0.064,0.212,7.8712293524766e-05
"PDAP1",2.16512202695526e-09,-0.582815663279099,0.154,0.356,7.92456313085894e-05
"RER1",2.20930066444663e-09,-0.770421861287249,0.145,0.34,8.08626136194112e-05
"ETFB",2.23973027790357e-09,-0.796491585815301,0.254,0.481,8.19763679015486e-05
"KLF4",2.31422170482904e-09,-1.75363317240804,0.026,0.138,8.47028286184478e-05
"TXNL1",2.34376041023438e-09,-0.694012113707181,0.118,0.301,8.57839747749887e-05
"UBE2I",2.43459238403105e-09,-0.632880385263333,0.115,0.298,8.91085158479206e-05
"JPT1",2.45755155039708e-09,-0.712268141313915,0.22,0.442,8.99488442960835e-05
"HAX1",2.49226966223198e-09,-1.23585826708887,0.075,0.228,9.12195619073528e-05
"RNF7",2.52256235358487e-09,-0.812345478080552,0.154,0.353,9.23283047035598e-05
"CAVIN3",2.55388257865783e-09,-0.683493748064125,0.096,0.269,9.34746562614551e-05
"ACTA2",2.81090976790885e-09,2.70755637176956,0.37,0.205,0.000102882108415232
"NDUFB8",2.83587106346613e-09,-0.588684894756992,0.192,0.41,0.000103795716793924
"GFPT2",2.89439260604294e-09,-2.33548413991439,0.013,0.109,0.000105937663773778
"TMEM14C",2.93920869867562e-09,-0.678824397332228,0.22,0.439,0.000107577977580227
"MYL12B",2.98994599286739e-09,-0.444850270457664,0.541,0.808,0.000109435013284939
"GPX2",3.13665733787433e-09,-1.19188443327969,0.118,0.288,0.000114804795223538
"ACTG1",3.15862015257197e-09,-0.483825288166617,0.885,0.904,0.000115608656204287
"C16orf74",3.20881812053685e-09,-3.66079012026673,0.015,0.112,0.000117445952029769
"RPL37",3.3117652470748e-09,-0.225257671761486,0.818,0.946,0.000121213919808185
"NELFE",3.40550860079138e-09,-1.23028165890783,0.06,0.202,0.000124645020297565
"KNOP1",3.43151110356894e-09,-1.96680054284583,0.038,0.16,0.000125596737901727
"CRYAB",3.5291603954588e-09,-0.966198964162015,0.111,0.285,0.000129170799634188
"MTHFS",3.58141308282227e-09,-2.04732490148587,0.051,0.183,0.000131083300244378
"MEIS1",3.70647363002635e-09,-2.71300497895979,0.011,0.103,0.000135660641332595
"TMEM14B",3.78001783182276e-09,-0.65603371297553,0.145,0.343,0.000138352432662545
"RGS10",3.82606454661698e-09,-2.28386010710256,0.019,0.122,0.000140037788470728
"FCGRT",3.83323822175061e-09,-1.33674027478442,0.043,0.17,0.000140300352154294
"VAPA",3.94652893995779e-09,-0.722311725916171,0.156,0.353,0.000144446905731395
"H2AFZ",3.97778529104121e-09,-0.690971846573768,0.165,0.365,0.000145590919437399
"CSTB",4.07599721465635e-09,-0.60977313951191,0.342,0.596,0.000149185574053637
"RPP21",4.11099811945786e-09,-1.59572325151891,0.038,0.16,0.000150466642170277
"CDA",4.36726055548446e-09,-1.82000584716357,0.049,0.179,0.000159846103591287
"MIF",4.42383586883512e-09,-0.42801190748294,0.662,0.849,0.000161916816635234
"UBXN1",4.45121134116873e-09,-0.911669517930613,0.132,0.314,0.000162918786298117
"SNRPE",4.46433519289105e-09,-0.660806287583736,0.179,0.391,0.000163399132395005
"MRPS18B",4.58438296693034e-09,-0.906949809166565,0.053,0.189,0.000167793000972617
"HSBP1",4.61559899604774e-09,-0.678500913606035,0.231,0.449,0.000168935538854343
"ECHDC2",4.6981387500184e-09,-1.1519943406016,0.062,0.205,0.000171956576389423
"NUDT2",4.72015678143984e-09,-1.14026600535997,0.03,0.144,0.00017276245835748
"NEAT1",4.73605298172723e-09,-0.384407671710564,0.395,0.647,0.000173344275184198
"NDUFA2",4.8638299577263e-09,-0.847450600030703,0.145,0.333,0.00017802104028274
"TAGLN",4.97383205186506e-09,1.85310342776808,0.521,0.369,0.000182047226930313
"PEMT",5.02238154000057e-09,-3.86074110327172,0.013,0.106,0.000183824186745561
"SNHG29",5.04854618124304e-09,-0.419856916814829,0.481,0.74,0.000184781838779677
"FAM89B",5.11140732483097e-09,-1.43354550472886,0.047,0.176,0.000187082619496138
"MRPL34",5.2768265645726e-09,-0.836602369843625,0.085,0.244,0.000193137129089922
"TMEM258",5.44582192094749e-09,-0.711822743048631,0.216,0.433,0.000199322528128599
"ZNF428",5.5770871881241e-09,-0.938379025507474,0.064,0.208,0.00020412696817253
"PPP1R14B",5.69006596428221e-09,-0.630421017874349,0.37,0.59,0.000208262104358693
"GABARAPL2",5.8408135753978e-09,-0.948139609830656,0.118,0.295,0.000213779617673135
"BLOC1S1",5.86365059966885e-09,-0.874179058954902,0.139,0.324,0.00021461547559848
"CFL1",6.02835725237812e-09,-0.477731773918677,0.594,0.811,0.000220643903794291
"KXD1",6.10399058168862e-09,-1.2979833548323,0.049,0.179,0.000223412159280385
"EIF2S2",6.21863336359666e-09,-0.672519870678709,0.316,0.542,0.000227608199741001
"COQ10B",6.34861453496162e-09,-1.85688595552114,0.028,0.138,0.00023236564059413
"MMADHC",6.59463367329541e-09,-1.08970020805604,0.085,0.24,0.000241370187076285
"AC022613.1",6.87274410341048e-09,-1.60535060025811,0.017,0.115,0.000251549306928927
"RPL18A",7.06696793499585e-09,-0.296911815089757,0.774,0.926,0.000258658093388783
"MT-ND6",7.16863794292754e-09,2.03392861623714,0.427,0.292,0.000262379317349091
"YBX1",7.17221506584205e-09,-0.448995415076599,0.607,0.821,0.000262510243624885
"SPAG7",7.20530824731626e-09,-1.06658418816578,0.058,0.196,0.000263721487160023
"NAV2",7.2345888956201e-09,-0.958012329813528,0.154,0.33,0.000264793188168591
"EMC6",7.31291117014078e-09,-0.977098094392392,0.085,0.24,0.000267659861738323
"STK19",7.42928862107266e-09,-2.74313194921065,0.019,0.119,0.00027191939281988
"SUPT4H1",7.45504792515564e-09,-1.26212231981311,0.058,0.192,0.000272862209108622
"MICOS13",7.56140587836736e-09,-0.746560603123933,0.182,0.388,0.000276755016554124
"RAB8A",7.88765928222079e-09,-1.47330128260689,0.058,0.192,0.000288696217388563
"PSMB5",8.12065829895369e-09,-0.648207951740103,0.209,0.426,0.000297224214400004
"COMT",8.19701952782878e-09,-0.795978946391266,0.1,0.266,0.000300019111738061
"ARPC1B",8.38531071648926e-09,-0.698426368965214,0.389,0.596,0.000306910757534223
"CKS1B",8.59930568786613e-09,-1.13977685025775,0.036,0.154,0.000314743187481588
"NPM1",8.70728639258448e-09,-0.484315993394903,0.53,0.744,0.000318695389254984
"TIMM8B",8.8000765086438e-09,-0.530439363941939,0.145,0.34,0.000322091600292872
"NUDT16L1",8.83960618052443e-09,-2.05937884835279,0.024,0.128,0.000323538425813375
"TRIR",8.86345496246532e-09,-0.859337643501977,0.203,0.404,0.000324411315081193
"SNX17",8.97832703444822e-09,-1.42529382501405,0.062,0.199,0.000328615747787839
"PRPF31",9.16172859367493e-09,-1.96239447354832,0.032,0.144,0.000335328428257096
"MED10",9.47628302669727e-09,-0.762737122167883,0.068,0.215,0.000346841435060147
"S100A4",9.51006919886464e-09,-1.16513006612014,0.073,0.218,0.000348078042747645
"TGFBI",9.64336573230495e-09,-0.752809452398636,0.19,0.385,0.000352956829168093
"CENPX",9.69557022111555e-09,-0.85843605297421,0.081,0.234,0.00035486756566305
"IDH3G",9.81022898824087e-09,-1.19211176965929,0.079,0.228,0.000359064191198604
"C19orf33",9.96857438757569e-09,-0.818343666284968,0.088,0.247,0.000364859791159658
"OCEL1",1.00388296131623e-08,-2.21058997386252,0.019,0.119,0.000367431202671352
"RPS14",1.00853017859198e-08,-0.325263684999951,0.759,0.933,0.000369132130666452
"NT5E",1.01009788889185e-08,-1.01747306370768,0.028,0.138,0.000369705928313305
"HIST1H1C",1.08692358736176e-08,-1.02812573279271,0.081,0.231,0.000397824902210278
"PRDX3",1.10883168071348e-08,-0.784130455257767,0.16,0.349,0.000405843483457939
"NDUFAF2",1.11624652056819e-08,-0.650981628752896,0.126,0.304,0.000408557388993162
"PPDPF",1.20171403155202e-08,-0.437743858238949,0.38,0.628,0.000439839352688353
"SUB1",1.24802010399183e-08,-0.695089172811742,0.335,0.571,0.000456787838262049
"EEF1AKMT1",1.25537755609163e-08,-2.15601391529756,0.013,0.103,0.000459480739305098
"ZNHIT1",1.27231001819451e-08,-0.649702264682048,0.201,0.407,0.000465678189759373
"BASP1",1.27936865058619e-08,-1.27318750330855,0.047,0.173,0.000468261719801052
"MRPL23",1.29934868925657e-08,-0.836935569183051,0.079,0.231,0.000475574613754797
"ATP5PO",1.30670203843955e-08,-0.568924004288896,0.205,0.42,0.000478266013089261
"ACOT13",1.33835978992046e-08,-1.26728767097847,0.049,0.176,0.000489853066708787
"ITGB1-DT",1.35696473849964e-08,-1.69823015439592,0.047,0.17,0.000496662663938254
"DYNLL1",1.36692977895297e-08,-0.579463969163894,0.415,0.638,0.000500309968394577
"XPC",1.37942066424991e-08,-1.32865153126865,0.036,0.151,0.000504881757322109
"ECH1",1.41363205996793e-08,-1.16020715525378,0.094,0.247,0.000517403470268863
"SURF1",1.52449051627089e-08,-0.770903229043503,0.062,0.199,0.000557978773860308
"PSMD9",1.59120583013419e-08,-0.61478816247435,0.094,0.253,0.000582397245887415
"KRT8",1.6010372573624e-08,-0.577483047717882,0.69,0.83,0.000585995646567211
"GPC6",1.64330729863991e-08,-0.917898807677335,0.199,0.394,0.000601466904375193
"PSMB7",1.68147583490219e-08,-0.721918845649503,0.175,0.372,0.000615436970332549
"DYNLRB1",1.69335049082736e-08,-0.808143845456956,0.186,0.378,0.000619783213147723
"ATP5MC2",1.72383492893046e-08,-0.649730532118175,0.246,0.455,0.000630940822337836
"ECHDC3",1.72557500374015e-08,-2.29563814880745,0.019,0.115,0.000631577707118933
"SOD1",1.73580893171874e-08,-0.491077848754018,0.402,0.644,0.000635323427098374
"RPS4X",1.74772863652344e-08,-0.355130064200598,0.705,0.872,0.000639686158253945
"CYSTM1",1.75635309171165e-08,-0.848962953165419,0.222,0.426,0.00064284279509738
"PSMD13",1.77642649264284e-08,-0.613080268120755,0.083,0.237,0.000650189860572206
"PCNP",1.80086195373414e-08,-1.0924914204728,0.105,0.263,0.000659133483686234
"EVA1B",1.80800406788087e-08,-0.749037261532129,0.085,0.237,0.000661747568885076
"RRAS2",1.81465087475904e-08,-0.535957025270526,0.122,0.298,0.000664180366670556
"MCUR1",1.82602702278962e-08,-1.15375748246768,0.058,0.189,0.00066834415061123
"WASHC3",1.83496646806761e-08,-0.557301443462237,0.049,0.176,0.000671616076977428
"NDUFB5",1.90572935517494e-08,-1.12803478068652,0.124,0.288,0.00069751600128758
"DPM2",1.91652779578982e-08,-1.5347223008365,0.03,0.138,0.000701468338537033
"CHCHD1",1.92011751395955e-08,-0.411236132186148,0.1,0.263,0.000702782211284335
"SRSF5",1.92733605001164e-08,-0.798372968069695,0.135,0.308,0.00070542426766476
"PAIP2",1.96799666780732e-08,-0.920982156587465,0.115,0.279,0.000720306460384156
"CHCHD7",2.02278516520618e-08,-0.939150542903715,0.045,0.167,0.000740359598317113
"NHP2",2.06167044772784e-08,-0.665052023798568,0.13,0.308,0.000754592000572868
"PSMG4",2.07629830344896e-08,-1.86385089193478,0.041,0.157,0.000759945942045353
"MRPS18C",2.11915496957792e-08,-0.648059313247319,0.085,0.237,0.000775631910415215
"POLD4",2.12399237759009e-08,-0.644835052949751,0.162,0.356,0.000777402450121747
"H2AFV",2.14882186876722e-08,-0.628318386759752,0.111,0.276,0.00078649029218749
"MRPL38",2.17852376151571e-08,-1.3549399648203,0.049,0.173,0.000797361481952364
"PABPC1",2.21001863060954e-08,1.13983887474597,0.573,0.465,0.000808888918989398
"MIEN1",2.21725725748566e-08,-1.01986444236405,0.06,0.192,0.000811538328812325
"ACAA1",2.22279110681638e-08,-1.074913384886,0.111,0.269,0.000813563773005863
"MRPS28",2.2456176266939e-08,-0.865790884752121,0.058,0.189,0.000821918507546233
"ANAPC11",2.31006335513193e-08,-0.72836005989054,0.184,0.378,0.000845506288611836
"ENY2",2.35493489678386e-08,-0.696791136016102,0.175,0.369,0.000861929721571861
"AP1S1",2.37174627484996e-08,-0.66588497945453,0.118,0.285,0.000868082854057833
"ZNF32",2.3933004698873e-08,-2.28789254453311,0.021,0.119,0.000875971904983452
"SERF2",2.4564557631493e-08,-0.349919654708791,0.705,0.894,0.000899087373870276
"UQCRFS1",2.68944246588755e-08,-0.607252198427656,0.135,0.314,0.000984362836939503
"SRP19",2.7093158187943e-08,-1.00610016434921,0.098,0.253,0.000991636682836904
"LSM14A",2.73472037979847e-08,-0.92247978616351,0.058,0.189,0.00100093500621004
"DERA",2.76999349762235e-08,-1.25471323796661,0.043,0.16,0.00101384532006476
"TNFAIP8L3",2.83095662237615e-08,-1.17657204661865,0.019,0.115,0.00103615843335589
"MGST3",2.86394820886607e-08,-0.519503818190276,0.316,0.554,0.00104823368392707
"PSMD4",2.87904584815991e-08,-0.551784454789919,0.13,0.304,0.00105375957088501
"RRAS",2.8792485580541e-08,-0.728333786462726,0.147,0.33,0.00105383376473338
"C12orf57",2.93330136034498e-08,-0.675309141001742,0.158,0.343,0.00107361763089987
"CDC26",2.96746854364356e-08,-0.896942546747184,0.06,0.192,0.00108612316165898
"TRAPPC5",2.96910301967039e-08,-0.534498395891346,0.209,0.417,0.00108672139622956
"COA6",2.97795491135775e-08,-0.932510947552144,0.081,0.224,0.00108996127710605
"CCDC85B",3.08013340702818e-08,-0.598785273531303,0.085,0.234,0.00112735962830638
"JTB",3.0913828693368e-08,-0.435903032470863,0.143,0.324,0.00113147704400596
"NOB1",3.09620744853355e-08,-1.07420552852845,0.041,0.157,0.00113324288823776
"DNAJC19",3.10153954691571e-08,-1.05293247798067,0.056,0.183,0.00113519448956662
"PGAM1",3.13904880793415e-08,-0.885356579747691,0.186,0.375,0.00114892325419198
"MRPS33",3.15454209659333e-08,-0.853820917774625,0.075,0.218,0.00115459395277413
"TMEM141",3.18875039383261e-08,-0.790367986054869,0.096,0.25,0.00116711453164667
"PRSS23",3.2006735972485e-08,-0.250002861502193,0.118,0.282,0.00117147854332892
"PMP22",3.24165237485182e-08,-1.90523371696171,0.017,0.109,0.00118647718571951
"HNRNPH2",3.33767967061785e-08,-1.42752398863209,0.047,0.167,0.00122162413624284
"RUVBL1",3.36396365441989e-08,-0.67692444050314,0.049,0.173,0.00123124433715422
"MAP2K2",3.39372083774543e-08,-0.481443679200432,0.167,0.356,0.00124213576382321
"RAB2A",3.44578611537881e-08,-0.591751540163923,0.22,0.423,0.0012611921760898
"YIF1A",3.52776637822097e-08,-0.839616910866999,0.111,0.269,0.00129119777209266
"METTL5",3.62198660270691e-08,-0.711532412221408,0.077,0.221,0.00132568331645676
"SDF2",3.65047793274893e-08,-1.71882933581837,0.041,0.154,0.00133611142816543
"SAP30BP",3.79562151573031e-08,-0.705820978442442,0.041,0.157,0.00138923543097245
"FAM177A1",3.81646290722778e-08,-0.695100219964741,0.224,0.423,0.00139686358867444
"THBS1",3.82422850949909e-08,2.40274497396058,0.244,0.096,0.00139970587676176
"RPAIN",3.87764976777783e-08,-1.52908459309568,0.051,0.173,0.00141925859150436
"COQ9",3.94239859719489e-08,-1.95131330659694,0.019,0.112,0.0014429573105593
"TSC22D1",3.94899567275991e-08,-0.927699498141342,0.085,0.231,0.00144537190618685
"TTR",3.98195101309414e-08,-0.929817628987142,0.092,0.244,0.00145743389030259
"ARHGDIA",4.05054734639922e-08,-0.48144970932003,0.158,0.346,0.00148254083425558
"MRPL14",4.07056652479826e-08,-0.73401539990853,0.124,0.292,0.00148986805374141
"BLOC1S4",4.23349432826644e-08,-1.03484279663015,0.038,0.151,0.0015495012590888
"SNX2",4.24994528690232e-08,-1.05298525150892,0.064,0.196,0.00155552247445912
"HMGA2",4.26148448203624e-08,-2.12809142682811,0.015,0.103,0.00155974593527008
"NENF",4.39532971171175e-08,-0.643487529668566,0.122,0.288,0.00160873462778362
"WDR45",4.43096275035304e-08,-1.14542991258579,0.032,0.138,0.00162177667625672
"CAPG",4.45901794572491e-08,-1.17847426806745,0.066,0.199,0.00163204515831477
"POLR2C",4.59435440278763e-08,-1.36153690453793,0.032,0.138,0.0016815796549643
"BCKDK",4.80199859765302e-08,-1.4682468573841,0.032,0.138,0.00175757950672698
"UQCRB",4.90580617287131e-08,-0.486470143778456,0.481,0.679,0.00179557411733263
"RAN",4.93055158304737e-08,-0.716978377722607,0.363,0.571,0.00180463118491117
"RBX1",4.95871549053849e-08,-0.726678205083987,0.209,0.404,0.00181493945669199
"MYL12A",4.9894127255541e-08,-0.430586394660526,0.504,0.75,0.00182617495168005
"UQCC2",5.15104565803212e-08,-0.768571613844503,0.128,0.298,0.00188533422129634
"FRG1",5.20730127573625e-08,-1.08560451878474,0.068,0.202,0.00190592433993222
"BEX4",5.26905925402584e-08,-1.71965112007321,0.026,0.125,0.001928528377566
"NUDC",5.34662855108717e-08,-0.711177141444944,0.22,0.42,0.00195691951598342
"BMERB1",5.36611840340467e-08,-1.11245872593701,0.03,0.135,0.00196405299683014
"NDUFA8",5.46877308693114e-08,-0.701992207702148,0.071,0.208,0.00200162563754767
"JUND",5.67353482131211e-08,-0.765060150959463,0.201,0.394,0.00207657047994845
"MRPL54",5.68201060416249e-08,-0.995387184350541,0.105,0.256,0.00207967270122951
"MRPL51",5.69589759318553e-08,-0.670166258238441,0.192,0.385,0.00208475547808184
"SLC25A39",5.84124230195776e-08,-1.02287469656102,0.085,0.228,0.00213795309493956
"SRA1",5.92977310685157e-08,-0.692947264528172,0.079,0.221,0.00217035625483874
"KYNU",5.93039436056206e-08,-2.04394780216996,0.041,0.151,0.00217058363990932
"SEC61B",5.9380904121075e-08,-0.544690658375511,0.423,0.644,0.00217340047173547
"ATP5ME",5.97923138159607e-08,-0.64319469661648,0.357,0.561,0.00218845847797798
"DTYMK",6.04751181180641e-08,-2.10481754364027,0.024,0.119,0.00221344979823926
"ESD",6.08464981788547e-08,-0.626309978635711,0.132,0.298,0.00222704267984426
"PIN1",6.16408054809508e-08,-1.0765262658707,0.075,0.212,0.00225611512140828
"MCUB",6.17833243716074e-08,-0.706859809153196,0.032,0.138,0.0022613314553252
"STX18",6.19828760391298e-08,-1.47472952820833,0.028,0.128,0.00226863524590819
"NFKBIA",6.22069880433407e-08,-0.4746906787594,0.13,0.301,0.00227683796937431
"TXN2",6.38110699625653e-08,-1.09295660143715,0.088,0.231,0.00233554897169985
"PSMB1",6.41733888997679e-08,-0.599762947750577,0.276,0.49,0.00234881020712041
"PAIP1",6.42880739988116e-08,-0.935826932673601,0.103,0.253,0.0023530077964305
"OST4",6.63281335931531e-08,-0.490430936411285,0.41,0.654,0.002427676017643
"MPG",6.69871189176458e-08,-0.729000381173237,0.12,0.282,0.00245179553950476
"RGN",6.8992770094131e-08,-2.55330750819483,0.019,0.109,0.00252520437821529
"MRPL46",6.91955081952491e-08,-1.45612496410861,0.024,0.119,0.00253262479545431
"SWI5",7.01302837699979e-08,-0.76576585219994,0.041,0.154,0.00256683851626569
"RND3",7.08103112021657e-08,-0.676456236795661,0.147,0.317,0.00259172820031047
"TTC39C",7.08605643749178e-08,-1.61737757790452,0.038,0.147,0.00259356751668637
"HAGH",7.14075721953113e-08,-0.924514139612241,0.06,0.186,0.00261358854992059
"C4orf48",7.16196124302621e-08,-0.570810398917532,0.175,0.365,0.00262134943456002
"NFKBIZ",7.20235581260372e-08,-1.6050752317658,0.036,0.144,0.00263613425097109
"SAT1",7.42065207385339e-08,-0.641752639510369,0.472,0.676,0.00271603286555108
"TIMP1",7.42191618600048e-08,-0.539628025894576,0.622,0.792,0.00271649554323804
"DNAJA2",7.53424679004434e-08,-0.81404357823907,0.079,0.218,0.00275760966762413
"MRPS2",7.54226757463798e-08,-1.23530803278473,0.036,0.144,0.00276054535499325
"TOMM6",7.55794526779721e-08,-0.819137683265833,0.169,0.346,0.00276628354746646
"COA1",7.68087713489024e-08,-1.01311739440285,0.043,0.157,0.00281127784014118
"COA3",7.74947305502956e-08,-0.91950987848181,0.085,0.228,0.00283638463287137
"GET3",7.77120441622517e-08,-1.01670405726036,0.068,0.199,0.00284433852838257
"IGFBP7",7.87458339695575e-08,-0.645690778405623,0.346,0.564,0.00288217626911977
"LSM7",7.96721723078666e-08,-0.520182475042215,0.147,0.327,0.00291608117864022
"CHMP2A",8.10823029867289e-08,-0.541041585673253,0.173,0.369,0.00296769337161727
"LSM5",8.1344205018644e-08,-0.51113950681371,0.085,0.231,0.00297727924788739
"HIF1A",8.1686624008244e-08,1.50456219763147,0.447,0.308,0.00298981212532574
"SLC25A4",8.1930309544204e-08,-1.5829413281484,0.053,0.173,0.00299873125962741
"COA4",8.28532044795136e-08,-0.629573864040713,0.094,0.244,0.00303251013715468
"ATOX1",8.32229388748823e-08,-0.497047744930161,0.282,0.5,0.00304604278575957
"UFC1",8.35410951733225e-08,-0.750786702147013,0.128,0.295,0.00305768762443878
"MYCBP",8.41207180863072e-08,-1.52063263638031,0.026,0.122,0.00307890240267693
"RPL35",8.41360265313335e-08,-0.322156608471698,0.818,0.929,0.00307946270707334
"SMIM19",8.41923538314053e-08,-1.3784760941334,0.03,0.131,0.00308152434258326
"RPL26L1",8.46596713649134e-08,-0.393838850540146,0.085,0.234,0.0030986286316272
"JUNB",8.59719969275484e-08,-1.19477949352816,0.098,0.244,0.0031466610595452
"ISCA1",8.70851584428499e-08,-0.878658733631614,0.06,0.186,0.00318740388416675
"NTPCR",8.7473272287993e-08,-1.27883574220076,0.041,0.151,0.00320160923901283
"FKBP1A",8.89833845673343e-08,-0.578906175212974,0.329,0.551,0.003256880858549
"MSANTD3",8.92536700164241e-08,-1.06625408380562,0.066,0.196,0.00326677357627114
"SPCS1",9.02045326956519e-08,-0.673561050896254,0.186,0.372,0.00330157610119355
"ANAPC15",9.29829116755001e-08,-0.659326709889243,0.051,0.173,0.00340326755023498
"RPL34",9.4161030896821e-08,-0.300906970823942,0.85,0.929,0.00344638789185455
"HRAS",9.55441927326227e-08,-0.285255564981048,0.081,0.224,0.00349701299820672
"C1orf43",9.57549158418091e-08,-0.591445238227559,0.118,0.279,0.00350472567472606
"PDHA1",9.65333395504631e-08,-0.785871570831155,0.079,0.215,0.0035332167608865
"CLDN1",9.72323121625117e-08,2.48831639164836,0.235,0.096,0.00355879985746009
"ZNF593",9.74284664893469e-08,-0.889847014697976,0.092,0.237,0.00356597930197659
"PDLIM4",9.8741754664973e-08,-1.41306402725073,0.026,0.122,0.00361404696249268
"PSMD2",9.9194428942435e-08,-0.681004071272521,0.197,0.385,0.00363061529372206
"ATP2B4",9.99546189385288e-08,2.78157429084963,0.218,0.083,0.00365843900776909
"PLP2",1.01832764131793e-07,-0.733262383428336,0.137,0.304,0.00372718099998776
"MOCS2",1.02873193091214e-07,-1.06900109556244,0.066,0.196,0.00376526174033151
"RPS9",1.04114805697814e-07,-0.391831407038111,0.705,0.872,0.00381070600334568
"TKT",1.0450816523454e-07,-0.659102701544125,0.327,0.522,0.0038251033557494
"GTF2B",1.0517639548177e-07,-1.30590733851148,0.045,0.157,0.00384956125102828
"ZFP36",1.06439225568332e-07,-1.03624462465609,0.041,0.151,0.00389578209502652
"MAF1",1.06442496959876e-07,-0.645634552973412,0.047,0.163,0.00389590183122841
"GTF2A2",1.07059830468743e-07,-0.648663940828575,0.118,0.276,0.00391849685498646
"BCAS2",1.11028122181248e-07,-1.24343962074682,0.053,0.173,0.00406374029995586
"CBR1",1.13005416355489e-07,-0.824700763845638,0.152,0.321,0.00413611124402725
"GIPC1",1.13544333228062e-07,-0.715588962955973,0.113,0.269,0.00415583614048031
"COMMD3",1.14373874464238e-07,-1.02006987120653,0.058,0.179,0.00418619817926559
"TATDN1",1.18139517927227e-07,-0.889041224793714,0.051,0.17,0.00432402449565444
"ATP5MPL",1.18884604482056e-07,-0.458850308575613,0.276,0.5,0.00435129540864773
"ADK",1.19051986035165e-07,-1.38768297085738,0.111,0.256,0.00435742174087307
"COPZ1",1.19234825744161e-07,-0.836252001277998,0.109,0.263,0.00436411385706203
"MARCH2",1.20967752406233e-07,-1.16702530625227,0.045,0.157,0.00442754070582052
"RHOC",1.22309241789037e-07,-0.620611439728084,0.301,0.506,0.00447664055872056
"PUF60",1.23149771213357e-07,-0.962397410878404,0.071,0.199,0.00450740477618006
"CHCHD5",1.23258022354752e-07,-0.903588727285859,0.073,0.205,0.00451136687620629
"HMGN1",1.25064761840736e-07,-0.52604218108356,0.22,0.413,0.00457749534813278
"RANBP1",1.26801144321349e-07,-0.644390859325622,0.13,0.295,0.00464104868330571
"AKIP1",1.27099630480308e-07,-0.962990377312872,0.043,0.154,0.00465197357520977
"PSMD8",1.33453063298702e-07,-0.51058199859869,0.263,0.487,0.00488451556979579
"TOMM22",1.34059808762876e-07,-0.718642253360439,0.096,0.244,0.00490672306053004
"FDXR",1.38116024144975e-07,-1.33109098295684,0.03,0.128,0.00505518459973024
"FKBP3",1.38490094102542e-07,-0.616626043476466,0.124,0.282,0.00506887593424713
"MRPL12",1.3863979397211e-07,-0.772141946213447,0.088,0.228,0.00507435509917321
"TMEM242",1.39838220207422e-07,-1.88549880205433,0.024,0.115,0.00511821869781185
"RAD23A",1.40599352689639e-07,-0.613466323874779,0.109,0.263,0.00514607690779348
"ATP6V1F",1.42620703529103e-07,-0.679299256862393,0.171,0.353,0.00522006036986868
"ECD",1.43741923874869e-07,-1.93385835997471,0.019,0.106,0.00526109815574407
"RALB",1.43754850317077e-07,-1.02501550529402,0.062,0.186,0.00526157127645534
"SOD2",1.44177398107869e-07,0.5246946989076,0.949,0.894,0.00527703694814612
"LSM4",1.44615862601124e-07,-0.579847296952428,0.143,0.314,0.00529308518706373
"MRPL21",1.4665181496449e-07,-0.701816607584931,0.094,0.237,0.00536760307951531
"RTRAF",1.49067062757608e-07,-0.779254004340722,0.156,0.327,0.00545600356399123
"RDH14",1.49347652935666e-07,-0.98581138381178,0.03,0.128,0.00546627344509831
"PNPLA4",1.51152019243445e-07,-1.56665398615544,0.03,0.128,0.00553231505632932
"IGBP1",1.51340647004575e-07,-0.624414481518096,0.066,0.196,0.00553921902101443
"ARF5",1.52626280700518e-07,-0.60022196080549,0.109,0.263,0.00558627449991967
"SMCO4",1.53327946189498e-07,-1.11478403245158,0.028,0.125,0.00561195615848183
"OSTF1",1.53416543896872e-07,-1.02238152438433,0.064,0.189,0.00561519892316942
"NIFK",1.56428996081692e-07,-0.891168566291586,0.068,0.196,0.00572545768558599
"CCDC51",1.59426669825522e-07,-2.1139256024344,0.019,0.106,0.00583517554228393
"UTP18",1.61007839904328e-07,-1.53013113479638,0.024,0.115,0.00589304794833832
"ZNF706",1.68731139972839e-07,-0.811806921227298,0.132,0.295,0.0061757284541459
"FIS1",1.69155211681439e-07,-0.675310548294569,0.182,0.365,0.00619124990275236
"FABP5",1.71320664933733e-07,-0.335740846742322,0.051,0.17,0.00627050765723955
"MCRIP1",1.72818688405484e-07,-0.980151387682977,0.066,0.192,0.0063253368143291
"DAD1",1.73621006145707e-07,-0.401773890364925,0.301,0.519,0.00635470244593903
"ZSWIM6",1.73645649375245e-07,-1.4618505031174,0.058,0.176,0.00635560441278334
"EDF1",1.75549080793521e-07,-0.56387259672482,0.415,0.644,0.00642527190612368
"FBXO2",1.76055140663824e-07,-1.68141567542912,0.045,0.154,0.00644379420343662
"VTA1",1.77720593861037e-07,-0.715608456911871,0.049,0.163,0.00650475145590781
"GHITM",1.78971296252813e-07,-0.520398375885621,0.235,0.442,0.00655052841414919
"PACSIN3",1.79151566787867e-07,-2.24289094467991,0.019,0.106,0.00655712649600274
"TAF9",1.80217288219596e-07,-0.801263713233793,0.105,0.253,0.00659613296612543
"CZIB",1.80633812095183e-07,-1.28256069524643,0.041,0.147,0.00661137815649578
"CIAO2B",1.81873103875163e-07,-0.71366590053637,0.186,0.369,0.00665673747493486
"GLUL",1.82067240221108e-07,-0.571000453263144,0.088,0.228,0.00666384305933277
"RPS3A",1.84582623724439e-07,-0.190280320030375,0.756,0.92,0.00675590861093818
"PET100",1.85636976018441e-07,-0.790407077033354,0.145,0.311,0.00679449895925096
"YPEL3",1.94022360906296e-07,-1.19067488620533,0.032,0.131,0.00710141243153133
"FKBP8",1.96186843236345e-07,-0.376395281467779,0.107,0.26,0.00718063464929347
"FSTL3",1.98646785828256e-07,-0.699090519078367,0.135,0.298,0.00727067100810001
"MRPL47",1.99118980506215e-07,-0.442621863446047,0.105,0.256,0.00728795380550797
"CYHR1",1.99410401751808e-07,-1.58494851506904,0.026,0.119,0.00729862011451791
"BET1",2.00955092820668e-07,-1.45008269405189,0.032,0.131,0.00735515735232928
"PSMC3",2.03980586037906e-07,-0.546821919053244,0.132,0.292,0.0074658934295734
"EGR1",2.04435659920745e-07,-1.76260963316184,0.026,0.119,0.00748254958875918
"PSAP",2.05540517491069e-07,1.30143395261735,0.4,0.247,0.00752298848069063
"TMBIM4",2.0563141623461e-07,-0.6563885695947,0.096,0.24,0.00752631546560296
"NDUFA6",2.06845373033126e-07,-0.582153254543194,0.156,0.327,0.00757074749838546
"GCSH",2.09577965450663e-07,-0.602939331343933,0.156,0.327,0.0076707631134597
"HIGD2A",2.10750444306867e-07,-0.672925715190963,0.152,0.324,0.00771367701207566
"SLBP",2.11272024630007e-07,-1.06962089380916,0.041,0.147,0.00773276737348288
"KCMF1",2.1550717521319e-07,-0.802789531957945,0.077,0.208,0.00788777811997796
"TPRKB",2.17369718082831e-07,-1.40594617871062,0.053,0.17,0.00795594905154969
"ARPC3",2.21016535952473e-07,-0.531328559101705,0.372,0.593,0.00808942623239646
"ARPC5L",2.23764733281882e-07,-0.70030470305608,0.105,0.253,0.00819001300285015
"STMN1",2.2444474272125e-07,-1.02649645215056,0.049,0.163,0.00821490202834048
"MAGED2",2.25488275081265e-07,-0.841526857820761,0.075,0.205,0.00825309635624938
"NDUFA3",2.2586301761959e-07,-0.904467066464743,0.137,0.295,0.0082668123078946
"ERI3",2.30496353209508e-07,-0.679697640335294,0.041,0.147,0.0084363970238212
"APOBEC3C",2.42513761769838e-07,-1.40122674230673,0.028,0.122,0.00887624619453786
"AKR7A2",2.44723048174529e-07,-1.3332696648092,0.058,0.173,0.00895710828623595
"NDUFB6",2.45303196242051e-07,-0.671819429964017,0.113,0.269,0.00897834228565529
"TFG",2.45637116486367e-07,-0.459568692618318,0.158,0.337,0.0089905641005175
"HACD1",2.47846057680488e-07,-1.27229125786598,0.034,0.135,0.00907141355716353
"STAG1",2.48981045386854e-07,-1.47643152392728,0.053,0.167,0.00911295524220425
"UQCRC2",2.51261565735634e-07,-0.637745017206322,0.135,0.295,0.00919642456748993
"RPL39",2.51927612439133e-07,-0.219199354577897,0.816,0.942,0.0092208025428847
"NDUFAF3",2.52300399591405e-07,-0.782719867060089,0.12,0.276,0.00923444692544502
"CHMP4A",2.54116192475585e-07,-0.885388953455144,0.073,0.202,0.0093009067607989
"COX20",2.54833347564873e-07,-0.572152559587586,0.143,0.314,0.00932715535422192
"PDRG1",2.56261445215536e-07,-1.25314935698587,0.021,0.109,0.00937942515633382
"CMSS1",2.57006278253628e-07,-1.0794303374008,0.045,0.154,0.00940668679036102
"SLC35C2",2.63000357034922e-07,-1.11734798963808,0.021,0.109,0.00962607606783519
"MED11",2.67106422948292e-07,-1.63761072518075,0.03,0.125,0.00977636218633043
"CD151",2.68724588783446e-07,-0.643532909465328,0.254,0.442,0.0098355886740629
"MTMR14",2.71078858256967e-07,-1.46652311371377,0.021,0.109,0.00992175729106326
"HMGB3",2.71844139041536e-07,-0.911804539675762,0.081,0.215,0.00994976733305925
"H1FX",2.80272451685846e-07,-1.24669670065215,0.049,0.16,0.0102582520041536
"KLF6",2.94308553041778e-07,-0.545026233967116,0.197,0.375,0.0107719873498821
"C8orf33",2.954316314934e-07,-0.639318457021416,0.056,0.173,0.0108130931442899
"SSU72",2.98427422114509e-07,-0.581880565526495,0.132,0.295,0.0109227420768131
"AP2S1",2.98457756253755e-07,-0.571063790292748,0.293,0.503,0.0109238523366437
"CUEDC2",2.98813124411695e-07,-0.687245612036355,0.062,0.183,0.0109368591665925
"DPM1",2.99760610243131e-07,-0.946811988945013,0.062,0.183,0.0109715380955088
"TSTA3",3.00541108836499e-07,-0.873670459206912,0.111,0.256,0.0110001051245247
"CD44",3.01979981051528e-07,-0.562326975239857,0.094,0.237,0.011052769286467
"SMIM29",3.05391830777668e-07,-1.53912055850442,0.041,0.144,0.0111776463982934
"ATP5PF",3.06242021043107e-07,-0.55188964052107,0.376,0.59,0.0112087642121988
"STUB1",3.14584257838984e-07,-0.622400198321523,0.141,0.304,0.0115140984211646
"HOMER3",3.18905049326018e-07,-0.65123911605781,0.073,0.202,0.0116722437103816
"SMARCB1",3.27275698905609e-07,-1.03425387985995,0.058,0.176,0.0119786178556442
"FAM204A",3.30152418289093e-07,-0.45608990202687,0.077,0.208,0.0120839086617991
"NCBP2AS2",3.32564978135101e-07,-1.32484625609218,0.024,0.112,0.0121722107647228
"CEBPZ",3.34148692576558e-07,-1.33351258299917,0.064,0.183,0.0122301762969946
"CUX2",3.38976625255619e-07,-2.23591481417545,0.036,0.135,0.0124068834609809
"ERH",3.40095101793331e-07,-0.434524986910049,0.169,0.349,0.0124478208207377
"CFAP298",3.40174823489685e-07,-0.898258669155566,0.058,0.176,0.0124507387145459
"DHRS4L2",3.41911731626551e-07,-0.677546171861628,0.051,0.163,0.0125143112892634
"AHCY",3.42786387606593e-07,-0.906953004807548,0.056,0.17,0.0125463245727889
"PEPD",3.45224016184702e-07,-0.806463970709588,0.165,0.327,0.0126355442163763
"ZRANB2",3.45606038882521e-07,-0.367470946579404,0.094,0.237,0.0126495266291391
"FH",3.50152589886859e-07,-1.34567451969056,0.056,0.17,0.0128159349424489
"NAA20",3.51231620436955e-07,-0.592987229646731,0.111,0.26,0.012855428539613
"MRPL33",3.5218382173698e-07,-0.645991906053775,0.158,0.324,0.0128902800593952
"TIMMDC1",3.57563677672073e-07,-0.635912019019061,0.058,0.176,0.0130871881664756
"AURKAIP1",3.57716316054691e-07,-0.410670062779452,0.199,0.394,0.0130927748839178
"RPL37A",3.59174448122915e-07,-0.246470578756881,0.842,0.955,0.0131461439757468
"FAM133B",3.63739828314963e-07,-0.858089414903839,0.053,0.167,0.013313241456156
"KMT5A",3.64181398830051e-07,-2.03012535463101,0.026,0.115,0.0133294033785787
"RPP30",3.68952482749534e-07,-1.14517196525863,0.03,0.125,0.0135040298211157
"DNAJA1",3.71325973738543e-07,-0.6461118760893,0.216,0.401,0.0135909019648044
"PEBP1",3.75602224219347e-07,-0.537518894658355,0.395,0.587,0.0137474170086523
"FAM229B",3.76331698144336e-07,-1.68077240681913,0.026,0.115,0.0137741164837808
"UQCRH",3.80361550425314e-07,-0.472191508776666,0.359,0.577,0.0139216131071169
"MT-CO3",3.87240511791125e-07,1.56439413502411,0.962,0.981,0.014173389972067
"ANXA8",3.98542230354828e-07,-1.42736775609675,0.026,0.115,0.0145870441732171
"CYC1",4.00497580982811e-07,-0.739969757859904,0.137,0.295,0.0146586119615519
"PGP",4.04491268933305e-07,-0.845932773342038,0.073,0.199,0.0148047849342279
"DIMT1",4.07197737611761e-07,-0.802461995704071,0.041,0.144,0.0149038443943281
"PXMP2",4.09060923878144e-07,-0.747779124535735,0.043,0.147,0.0149720388748639
"SDHB",4.12739205582839e-07,-0.459032344960209,0.103,0.247,0.0151066676635375
"BAD",4.16404613870056e-07,-0.700808153660372,0.06,0.179,0.0152408252722579
"HSF1",4.33379263716958e-07,-1.50196007697253,0.036,0.135,0.0158621144313044
"EIF2A",4.39973897130204e-07,-0.403555885723646,0.103,0.247,0.0161034846088626
"RSL24D1",4.47954578068067e-07,-0.426017047807068,0.147,0.311,0.0163955855118693
"PFDN6",4.51374684996743e-07,-0.972371021165384,0.056,0.17,0.0165207648455658
"UBE2S",4.51402611551851e-07,-0.887354017845507,0.058,0.173,0.0165217869854093
"DDAH2",4.52340723260446e-07,-0.61073216413553,0.064,0.186,0.0165561228120556
"POLE3",4.53250099807474e-07,-0.985181202614946,0.041,0.144,0.0165894069030534
"GLRX5",4.59493182054684e-07,-0.514023471816035,0.083,0.218,0.0168179099563835
"PSMB2",4.69647413561467e-07,-0.49093274174835,0.177,0.359,0.0171895649837633
"NUMB",4.74868487499827e-07,-1.05021194325735,0.06,0.176,0.0173806615109812
"ACAA2",4.74961863849509e-07,-0.662346691377706,0.22,0.401,0.0173840791787559
"BOLA2",4.78616811629053e-07,-0.73838469736475,0.045,0.151,0.017517853922435
"ANXA3",4.96003179594617e-07,-0.779228404484279,0.118,0.269,0.0181542123763426
"EIF3E",4.9624590933238e-07,-0.477922451089714,0.293,0.51,0.0181630965274744
"MRPL44",4.98241542072932e-07,-1.18568954099037,0.034,0.131,0.0182361386814114
"NAXE",5.00458260468233e-07,-0.643490887994415,0.071,0.196,0.0183172727913978
"SOX4",5.05289531939777e-07,-0.673625171490679,0.201,0.378,0.0184941021585278
"UFD1",5.06239586686748e-07,-0.721439887663361,0.1,0.24,0.0185288751123217
"IP6K2",5.07589332488804e-07,-1.22115239740323,0.045,0.151,0.0185782771584227
"MED8",5.08471820332566e-07,-0.669846678239182,0.053,0.167,0.0186105770959923
"OSER1",5.12901568844058e-07,-0.839425828519254,0.021,0.106,0.0187727103212614
"SPINK1",5.17923930324377e-07,-1.21664580169205,0.147,0.295,0.0189565337738025
"LSM6",5.20558538003775e-07,-1.97323326214635,0.03,0.122,0.0190529630494762
"SDF2L1",5.27347373404398e-07,-0.586351565731551,0.068,0.192,0.0193014412139744
"MRPL40",5.27635241245329e-07,-0.663778147190441,0.085,0.218,0.0193119774648203
"RPL36A",5.41472616453903e-07,-0.214754807115786,0.592,0.808,0.0198184392348293
"UCHL3",5.51731074426685e-07,-1.01434745971548,0.113,0.253,0.0201939090550911
"ADSL",5.68588123709773e-07,-0.882600596839409,0.071,0.192,0.0208108939159014
"NPEPL1",5.84080775414683e-07,-0.767984469578489,0.021,0.106,0.0213779404609528
"ANP32A",5.8784071431405e-07,-0.153415239603473,0.081,0.215,0.0215155579846085
"APOC2",5.88815926378617e-07,-0.660296571156386,0.306,0.497,0.0215512517213838
"STX4",5.89439963450569e-07,-0.927150296983273,0.047,0.154,0.0215740921022543
"SNRPB",6.06082102686991e-07,-0.564674255110694,0.165,0.337,0.0221832110404466
"TXLNG",6.09965429889848e-07,-1.24081875389256,0.024,0.109,0.0223253446993983
"DDX18",6.12683938728646e-07,-0.731581426786329,0.103,0.244,0.0224248448414072
"ASL",6.16061507793873e-07,-0.921291908283392,0.122,0.266,0.0225484672467635
"TRADD",6.16086880371621e-07,-1.17082692305894,0.043,0.144,0.0225493959084817
"BTG3",6.23006663119983e-07,-0.993169267160759,0.049,0.157,0.0228026668768545
"TSPO",6.3905902147522e-07,-0.517794905570788,0.391,0.587,0.0233901992450145
"ARID5B",6.40699527179033e-07,-0.826430008046522,0.092,0.224,0.0234502433942798
"NUBP2",6.49169691097771e-07,-1.09892617289886,0.038,0.138,0.0237602598638695
"PIR",6.54387005411166e-07,-0.72438479330207,0.036,0.135,0.0239512187850541
"UBE2L3",6.6863275222411e-07,-0.408653091806564,0.197,0.381,0.0244726273641546
"TXNL4A",6.72481643325742e-07,-0.573484575685439,0.137,0.292,0.0246135006273655
"COPRS",6.73968468352418e-07,-0.450349915782321,0.094,0.231,0.0246679199101669
"CMC2",6.88434773155198e-07,-1.2748641589358,0.041,0.141,0.0251974011322534
"TBCB",6.91341331081423e-07,-0.687571625483899,0.111,0.253,0.0253037840589112
"ISOC2",6.9238657515536e-07,-0.454301028527701,0.058,0.173,0.0253420410372613
"SNX7",6.94360651054136e-07,-1.06207926769853,0.056,0.167,0.0254142941892324
"IAH1",6.96855573217032e-07,-0.64810946351284,0.068,0.189,0.0255056108353166
"VDAC3",7.09050483679665e-07,-0.761268260274124,0.088,0.218,0.0259519567531594
"AMBRA1",7.17202557051288e-07,-1.37701050061316,0.045,0.147,0.0262503307906342
"ATP5F1E",7.60657316854536e-07,-0.287955786518977,0.744,0.875,0.0278408184541929
"EMP2",7.60949288283787e-07,-1.67729105970127,0.034,0.128,0.0278515049004749
"CDH11",7.61134308504154e-07,-0.378343235234714,0.028,0.119,0.0278582768255605
"MED19",7.76530975121595e-07,-1.00099125437643,0.032,0.125,0.0284218102204255
"DCAF13",7.89211080752912e-07,-1.16924560517463,0.062,0.176,0.0288859147666373
"PEX2",8.02862220524092e-07,-0.778518079782471,0.043,0.144,0.0293855601334023
"DEFB1",8.08630761036185e-07,-0.590191837861229,0.308,0.5,0.0295966944846854
"COMMD9",8.15483248830665e-07,-1.06629899667803,0.043,0.144,0.0298475023904512
"COPS6",8.19308099644554e-07,-0.494941053504271,0.113,0.26,0.0299874957550903
"ETHE1",8.21844176417438e-07,-0.922809688763784,0.058,0.17,0.0300803187010546
"ATP5PD",8.25362421641555e-07,-0.425031463028467,0.293,0.513,0.0302090899945025
"SRM",8.39211466586537e-07,-0.558438960870379,0.15,0.311,0.0307159788885339
"YRDC",8.42332968698347e-07,-2.17813854741508,0.028,0.115,0.0308302289873282
"ALKBH7",8.46832220081418e-07,-0.781795010654885,0.085,0.215,0.0309949060872
"SIK3",8.7405177457949e-07,-0.868491786963941,0.047,0.151,0.0319911690013839
"LGALS3",8.80351414369439e-07,-0.541148960267165,0.218,0.404,0.0322217421173358
"IDH2",8.81130800579862e-07,-0.562358118241673,0.115,0.26,0.0322502684320235
"HSP90B1",8.82128158872837e-07,0.953783370156868,0.502,0.356,0.0322867727429047
"TRAPPC1",8.8244254426593e-07,-0.500261204194938,0.169,0.337,0.0322982795626773
"ARGLU1",8.8414751950725e-07,-0.314998923840368,0.066,0.186,0.0323606833614849
"PCMTD1",8.84608744501459e-07,-1.0397211609846,0.062,0.176,0.0323775646574979
"ISCA2",8.87525206435009e-07,-1.68777267625401,0.036,0.131,0.0324843100807278
"CFDP1",8.89087221543523e-07,-0.53040263169358,0.073,0.196,0.0325414813957145
"TMSB10",8.89413505920144e-07,-0.254019990538172,0.942,0.984,0.0325534237301832
"TOMM5",8.90606373247125e-07,-0.505087015597391,0.158,0.327,0.032597083867218
"NDFIP1",8.90628113756679e-07,-0.851404527379851,0.103,0.237,0.0325978795916082
"EXOSC3",8.91648715970963e-07,-1.9163847793853,0.021,0.103,0.0326352346532532
"UCHL1",8.968258058638e-07,-0.49995849940596,0.175,0.356,0.0328247213204209
"JMJD1C",9.02416703376353e-07,-0.772497697614906,0.124,0.269,0.0330293537602779
"EEF1E1",9.19847790960132e-07,-0.92875785968579,0.068,0.186,0.0336673489969318
"COMMD1",9.36929132093578e-07,-0.552518608616862,0.073,0.196,0.0342925431637571
"SNRNP70",9.46585175474061e-07,-1.25943101392522,0.083,0.205,0.0346459640075261
"ZNF580",9.50998417299342e-07,-0.996921217233662,0.036,0.131,0.0348074930715732
"ITM2C",9.64907264809435e-07,-1.42846555940296,0.036,0.131,0.0353165707992901
"SMIM20",9.67072392474865e-07,-0.510116791280457,0.053,0.163,0.0353958166369725
"COX6A1",9.72066669002275e-07,-0.491905795580178,0.338,0.558,0.0355786121521523
"EXOSC7",9.74435644756626e-07,-1.48355940285363,0.038,0.135,0.0356653190337373
"ECI2",9.90658362582435e-07,-0.652046515797812,0.088,0.218,0.0362590867288797
"PRDX4",9.94356027786296e-07,-0.548956548588918,0.186,0.353,0.0363944249730062
"MRPL9",9.96669817711833e-07,-1.2283893850389,0.051,0.157,0.0364791119980708
"DDX52",9.9706528365421e-07,-0.764969163001958,0.058,0.17,0.0364935864470278
"PHYH",9.99379764725032e-07,-0.673910285746078,0.049,0.154,0.0365782987687009
"CCDC91",1.00016550694833e-06,-0.953710382911688,0.073,0.192,0.0366070577198156
"DUSP1",1.0099890854438e-06,-0.654001691420608,0.165,0.324,0.0369666105163284
"COL4A1",1.01320392064431e-06,2.10638566641714,0.269,0.141,0.0370842766995023
"PAM16",1.01474712014618e-06,-0.954992802936164,0.068,0.186,0.0371407593444702
"MARCKSL1",1.05097433113558e-06,-0.412348648195019,0.113,0.26,0.0384667114938935
"RGS9",1.05135900003006e-06,-1.48699972629803,0.03,0.119,0.0384807907601003
"EIF3I",1.07606787846479e-06,-0.592807984506065,0.186,0.359,0.0393851604196898
"CD2BP2",1.09184386619834e-06,-1.00837640270512,0.051,0.157,0.0399625773467256
"POP4",1.09309883344205e-06,-0.420437512360866,0.034,0.128,0.0400085104028123
"PER1",1.10087944941089e-06,-1.1656610998848,0.021,0.103,0.0402932887278879
"SAMM50",1.12935011244888e-06,-0.276067548538224,0.053,0.163,0.0413353434657416
"UBE2D2",1.13523088780359e-06,-0.594676522561957,0.122,0.269,0.0415505857244993
"EMC2",1.1414671127741e-06,-0.636970360789046,0.045,0.147,0.0417788377946447
"RASSF8",1.14765148767742e-06,-0.644001046944688,0.062,0.176,0.0420051921004812
"TGFB1",1.15149903618528e-06,-0.9712770561568,0.049,0.154,0.0421460162234174
"MORF4L1",1.15542426937344e-06,-0.497033869459462,0.301,0.522,0.0422896836833373
"CRP",1.1561689100102e-06,1.07674692999416,0.316,0.163,0.0423169382752834
"CAV1",1.15873467197213e-06,-0.283771007931264,0.173,0.349,0.0424108477288519
"BANF1",1.1629939944355e-06,-0.427058660152561,0.137,0.292,0.0425667431903339
"CRIPT",1.18087937410774e-06,-0.854554379972989,0.038,0.135,0.0432213659717174
"NAA10",1.18259488454865e-06,-0.845013136611671,0.135,0.282,0.0432841553693652
"BNIP3L",1.19017250826159e-06,-0.368575652835817,0.105,0.244,0.0435615039748823
"SAMD9",1.19216975509721e-06,-0.989141409135704,0.021,0.103,0.0436346052063131
"SNRPD1",1.22650328118219e-06,-0.605240407747379,0.143,0.298,0.0448912465945492
"PTGES3",1.22681134405801e-06,-0.393895980042943,0.244,0.442,0.0449025220038672
"PON2",1.23535674106635e-06,-0.605284957138781,0.179,0.346,0.0452152920797694
"VAMP5",1.24662669517443e-06,-0.5013068482026,0.113,0.256,0.0456277836700793
"FNTA",1.24741225744084e-06,-0.727980225176935,0.066,0.183,0.0456565360345924
"COA5",1.24973053242248e-06,-0.765269639685349,0.038,0.135,0.0457413872171952
"EPC1",1.25743028585952e-06,-1.22158954332603,0.032,0.122,0.0460232058927445
"MRPL52",1.27723104654872e-06,-0.369276232043849,0.22,0.41,0.0467479335347298
"EXOSC1",1.28610154086703e-06,-0.904344299695063,0.053,0.16,0.0470726024972742
"MRPL22",1.30517985734309e-06,-0.850821804317195,0.079,0.202,0.0477708879586143
"EIF3F",1.31399636398309e-06,-0.379580094495858,0.22,0.417,0.0480935809181451
"VAMP3",1.32811971098586e-06,-0.451957142066291,0.083,0.212,0.0486105095417934
"BDH2",1.34626288986998e-06,-0.877723870809065,0.043,0.141,0.049274568032131
"AHSA1",1.36135430489647e-06,-0.788210440004383,0.077,0.199,0.0498269289135156
